,AQI,Level of Concern
0,5.156858292582821,Good
1,3.9006989516786397,Good
2,4.055301492597233,Good
3,5.248870332246606,Good
4,2.7575424866630223,Good
5,4.192524760920136,Good
6,5.987639396893452,Good
7,5.728431557027709,Good
8,8.749040805794232,Good
9,5.540525400230275,Good
10,5.206016379454501,Good
11,4.117250478120492,Good
