,AQI,Level of Concern
0,20.45324783131566,Good
1,20.39042521109482,Good
2,20.50883422131136,Good
3,20.702611275790545,Good
4,20.392451238550063,Good
5,20.07729336551507,Good
6,19.952763975203794,Good
7,19.90818286334298,Good
8,20.001454909373184,Good
9,20.42792153716134,Good
10,20.277261776899277,Good
11,20.727639728072116,Good
