,AQI,Level of Concern
0,39.345254940995765,Good
1,39.23640590639129,Good
2,39.030407453609655,Good
3,39.36574658935783,Good
4,37.54483680300545,Good
5,36.32398266963928,Good
6,35.42585734773125,Good
7,36.253217933153635,Good
8,36.006934628135554,Good
9,37.698081850655,Good
10,39.080705565754464,Good
11,40.37204303335674,Good
