,AQI,Level of Concern
0,85.21103533126954,Moderate
1,80.25534876443336,Moderate
2,79.45685006864282,Moderate
3,70.45200012842076,Moderate
4,74.98984255497413,Moderate
5,69.63392168041271,Moderate
6,72.17318138604482,Moderate
7,68.44237593714644,Moderate
8,73.36549885644068,Moderate
9,84.24261002385221,Moderate
10,84.22685580609642,Moderate
11,85.0075754690141,Moderate
